vertical,marca_formal,motor_formal_w,autonomia_formal_km,precio_formal,n_homologos,precio_informal_prom,precio_informal_min,precio_informal_max,dif_usd,dif_pct,mas_barato
bicimoto,Bicicleta Eléctrica Izuki Bimini de Lithium,1500.0,75.0,1400.0,1,800.0,800.0,800.0,600.0,75.0,informal
bicimoto,Bicimoto Bolt Eléctrica 48V 30Ah 3000W,3000.0,100.0,2140.0,20,1618.5,1500.0,1950.0,521.5,32.22119246215632,informal
bicimoto,Bicimoto Cocuyo 2000W 40Ah Votol MZ Products,2000.0,90.0,1690.0,1,1600.0,1600.0,1600.0,90.0,5.625,informal
bicimoto,Bicimoto Cocuyo 3000W 45Ah Votol MZ Products,3000.0,120.0,1900.0,59,1758.050847457627,1250.0,2150.0,141.94915254237299,8.074234755362744,informal
bicimoto,Bicimoto Eléctrica TOPMAX2 de Lithium 2000W,2000.0,90.0,1800.0,1,1600.0,1600.0,1600.0,200.0,12.5,informal
bicimoto,Bicimoto Fly Racing 2000W,2000.0,90.0,1900.0,1,1600.0,1600.0,1600.0,300.0,18.75,informal
bicimoto,Bicimoto Rayo Eléctrica 48V 30Ah 1500W,1500.0,80.0,1899.0,4,2262.5,2200.0,2300.0,-363.5,-16.066298342541437,formal
bicimoto,Bicipower Topmaq Evolution 48V 45Ah 3000W,3000.0,100.0,2000.0,20,1618.5,1500.0,1950.0,381.5,23.571207908557305,informal
moto,Moto Eléctrica VOLT-X 3000W,3000.0,90.0,1900.0,11,2668.181818181818,2000.0,2950.0,-768.181818181818,-28.790459965928445,formal
moto,Moto Eléctrica Halcon Pro Max 72V 55Ah 2000W,2000.0,120.0,2300.0,4,2450.0,1950.0,2800.0,-150.0,-6.122448979591836,formal
moto,Moto Eléctrica Bucatti 3000W 72V 45Ah,3000.0,90.0,2500.0,11,2668.181818181818,2000.0,2950.0,-168.18181818181802,-6.30323679727427,formal
moto,Moto Eléctrica Fly Racing 3000W,3000.0,90.0,2550.0,11,2668.181818181818,2000.0,2950.0,-118.18181818181802,-4.429301533219756,formal
moto,Moto Eléctrica Fly Racing E-4 3000W,3000.0,90.0,2500.0,11,2668.181818181818,2000.0,2950.0,-168.18181818181802,-6.30323679727427,formal
moto,Moto Eléctrica Fly Racing T08 4000W 72V 86Ah,4000.0,120.0,3600.0,0,,,,,,sin_homologos
moto,Moto Eléctrica HALCON SHARK X 72V 70Ah 3000W,3000.0,120.0,2500.0,54,2714.814814814815,2200.0,3250.0,-214.81481481481478,-7.912687585266029,formal
moto,Moto Eléctrica Izuki Challenger de Lithium 3000W,2500.0,150.0,2575.0,0,,,,,,sin_homologos
moto,Moto Eléctrica Izuki Voltus de Litio 3000W,3000.0,120.0,2370.0,54,2714.814814814815,2200.0,3250.0,-344.8148148148148,-12.701227830832195,formal
moto,Moto Eléctrica Leopard 56Ah 2000W,2000.0,140.0,2500.0,2,2175.0,1950.0,2400.0,325.0,14.942528735632186,informal
moto,Moto Eléctrica Leopard 70AH,3000.0,140.0,2900.0,12,2641.6666666666665,2000.0,2900.0,258.3333333333335,9.779179810725559,informal
moto,Moto Eléctrica LINCE 70AH,3000.0,180.0,2950.0,0,,,,,,sin_homologos
moto,Moto Eléctrica Panther Tank 2500W 72V 45Ah,2500.0,110.0,2650.0,0,,,,,,sin_homologos
moto,Moto Eléctrica RAPTOR 3000W 72V 45Ah,3000.0,90.0,2300.0,11,2668.181818181818,2000.0,2950.0,-368.181818181818,-13.798977853492328,formal
moto,Moto Eléctrica RHYNOX PO4 56Ah 2000W,2000.0,140.0,2500.0,2,2175.0,1950.0,2400.0,325.0,14.942528735632186,informal
moto,Moto Eléctrica TOPMAQ FF3 3000W 72V 45Ah,3000.0,90.0,2600.0,11,2668.181818181818,2000.0,2950.0,-68.18181818181802,-2.555366269165241,formal
