vertical,rank,marca,total_anuncios
bicimoto,1,Jmd,33
bicimoto,2,Topmaq,18
bicimoto,3,Vedca,16
bicimoto,4,Yoazaky,16
bicimoto,5,Halcon,10
bicimoto,6,Ava,8
bicimoto,7,Challenger,7
bicimoto,8,Maf,7
bicimoto,9,Combat,6
bicimoto,10,Bucatti,4
moto,1,Topmaq,177
moto,2,Vedca,107
moto,3,Bucatti,95
moto,4,Yoazaky,83
moto,5,Izuki,74
moto,6,Fly,46
moto,7,Halcon,34
moto,8,Gs Racing,29
moto,9,Ava,25
moto,10,Kvitova,23
scooter,1,Caroma,29
scooter,2,Jmd,16
scooter,3,Midha,14
scooter,4,Maf,14
scooter,5,Challenger,9
scooter,6,Oris,8
scooter,7,Halcon,8
scooter,8,Laituning,8
scooter,9,Gt12,6
scooter,10,En,5
