marca,motor_w,autonomia_km,precio_usd
Moto Eléctrica VOLT-X 3000W,3000,90,1900
Moto Eléctrica Halcon Pro Max 72V 55Ah 2000W,2000,120,2300
Moto Eléctrica Bucatti 3000W 72V 45Ah,3000,90,2500
Moto Eléctrica Fly Racing 3000W,3000,90,2550
Moto Eléctrica Fly Racing E-4 3000W,3000,90,2500
Moto Eléctrica Fly Racing T08 4000W 72V 86Ah,4000,120,3600
Moto Eléctrica HALCON SHARK X 72V 70Ah 3000W,3000,120,2500
Moto Eléctrica Izuki Challenger de Lithium 3000W,2500,150,2575
Moto Eléctrica Izuki Voltus de Litio 3000W,3000,120,2370
Moto Eléctrica Leopard 56Ah 2000W,2000,140,2500
Moto Eléctrica Leopard 70AH,3000,140,2900
Moto Eléctrica LINCE 70AH,3000,180,2950
Moto Eléctrica Panther Tank 2500W 72V 45Ah,2500,110,2650
Moto Eléctrica RAPTOR 3000W 72V 45Ah,3000,90,2300
Moto Eléctrica RHYNOX PO4 56Ah 2000W,2000,140,2500
Moto Eléctrica TOPMAQ FF3 3000W 72V 45Ah,3000,90,2600
